block_to_function_answer_choice_id ,block_to_function_flashcard_id       ,function_description_text                 ,is_correct ,order
                                 1 ,0fb9aff7-7e8e-469e-9f9b-3e49e9afb7f7 ,Turns my LEDs red                         ,true       ,    0
                                 2 ,0fb9aff7-7e8e-469e-9f9b-3e49e9afb7f7 ,Plays the tone D                          ,false      ,    1
                                 3 ,0fb9aff7-7e8e-469e-9f9b-3e49e9afb7f7 ,Checks if I'm standing on a green surface ,false      ,    2
                                 4 ,ccc46da7-9eea-4947-8609-c81569c08bc1 ,Turns my LEDs green                       ,true       ,    0
                                 5 ,ccc46da7-9eea-4947-8609-c81569c08bc1 ,Checks if I'm standing on a blue surface  ,false      ,    1
                                 6 ,ccc46da7-9eea-4947-8609-c81569c08bc1 ,Turns off my LEDs                         ,false      ,    2
                                 7 ,338b61e7-0620-41ea-97f3-472620680606 ,Plays the tone E                          ,false      ,    0
                                 8 ,338b61e7-0620-41ea-97f3-472620680606 ,Checks if I'm standing on a white surface ,false      ,    1
                                 9 ,338b61e7-0620-41ea-97f3-472620680606 ,Turns my LEDs blue                        ,true       ,    2
                                10 ,b9b86255-a734-4580-8985-e79ba9abee6e ,Turns my LEDs blue                        ,false      ,    0
                                11 ,b9b86255-a734-4580-8985-e79ba9abee6e ,Turns my LEDs green                       ,false      ,    1
                                12 ,b9b86255-a734-4580-8985-e79ba9abee6e ,Turns my LEDs white                       ,true       ,    2
                                13 ,9b436da3-a09f-4df0-9d96-627a6066ca96 ,Turns my LEDs off                         ,true       ,    0
                                14 ,9b436da3-a09f-4df0-9d96-627a6066ca96 ,Turns my LEDs blue                        ,false      ,    1
                                15 ,9b436da3-a09f-4df0-9d96-627a6066ca96 ,Plays the tone F                          ,false      ,    2
                                16 ,08204fb8-bad0-468e-91cf-49226a896518 ,Turns my LEDs red                         ,false      ,    0
                                17 ,08204fb8-bad0-468e-91cf-49226a896518 ,Checks if I'm standing on a red surface   ,true       ,    1
                                18 ,08204fb8-bad0-468e-91cf-49226a896518 ,Plays the tone C                          ,false      ,    2                                  
                                19 ,2f3a54b1-9a11-44ad-9489-e39d24d41449 ,Checks if I'm standing on a green surface ,true       ,    0
                                20 ,2f3a54b1-9a11-44ad-9489-e39d24d41449 ,Plays the tone B                          ,false      ,    1
                                21 ,2f3a54b1-9a11-44ad-9489-e39d24d41449 ,Plays the tone A                          ,false      ,    2
                                22 ,09866ff9-47b3-4d0e-afb8-e2ff3fbffb34 ,Plays the tone D                          ,false      ,    0
                                23 ,09866ff9-47b3-4d0e-afb8-e2ff3fbffb34 ,Turns my LEDs green                       ,false      ,    1
                                24 ,09866ff9-47b3-4d0e-afb8-e2ff3fbffb34 ,Checks if I'm standing on a blue surface  ,true       ,    2
                                25 ,51491e09-0d1d-4aa2-83a0-858907cefeda ,Checks if I'm standing on a white surface ,true       ,    0
                                26 ,51491e09-0d1d-4aa2-83a0-858907cefeda ,Checks if I'm standing on a blue surface  ,false      ,    1
                                27 ,51491e09-0d1d-4aa2-83a0-858907cefeda ,Checks if I'm standing on a red surface   ,false      ,    2
                                28 ,a1fc025d-7868-42a5-b56e-bb8ad97c82e7 ,Turns my LEDs pink                        ,false      ,    0
                                29 ,a1fc025d-7868-42a5-b56e-bb8ad97c82e7 ,Plays the tone A                          ,true       ,    1
                                30 ,a1fc025d-7868-42a5-b56e-bb8ad97c82e7 ,Plays the tone G                          ,false      ,    2
                                31 ,ab5a798e-0220-47fa-a84c-7bc15cc6fae9 ,Plays the tone B                          ,true       ,    0
                                32 ,ab5a798e-0220-47fa-a84c-7bc15cc6fae9 ,Turns my LEDs green                       ,false      ,    1
                                33 ,ab5a798e-0220-47fa-a84c-7bc15cc6fae9 ,Turns my LEDs off                         ,false      ,    2
                                34 ,56621cfd-1721-42a2-b093-567284472889 ,Turns my LEDs red                         ,false      ,    0
                                35 ,56621cfd-1721-42a2-b093-567284472889 ,Checks if I'm standing on a white surface ,false      ,    1
                                36 ,56621cfd-1721-42a2-b093-567284472889 ,Plays the tone C                          ,true       ,    2
                                37 ,7deff7d7-e66c-4c36-ad77-f1dbf2958a60 ,Plays the tone D                          ,true       ,    0
                                38 ,7deff7d7-e66c-4c36-ad77-f1dbf2958a60 ,Plays the tone B                          ,false      ,    1
                                39 ,7deff7d7-e66c-4c36-ad77-f1dbf2958a60 ,Turns my LEDs off                         ,false      ,    2
                                40 ,cd8fbb6f-1c4e-435f-a9f1-470a10d7e41d ,Plays the tone E                          ,true       ,    0
                                41 ,cd8fbb6f-1c4e-435f-a9f1-470a10d7e41d ,Plays the tone A                          ,false      ,    1
                                42 ,cd8fbb6f-1c4e-435f-a9f1-470a10d7e41d ,Plays the tone C                          ,false      ,    2
                                43 ,19f0dd98-1fda-45df-872e-c34954ad0561 ,Turns my LEDs red                         ,false      ,    0
                                44 ,19f0dd98-1fda-45df-872e-c34954ad0561 ,Checks if I'm standing on a red surface   ,false      ,    1
                                45 ,19f0dd98-1fda-45df-872e-c34954ad0561 ,Plays the tone F                          ,true       ,    2
                                46 ,9411178a-c445-4f8d-81d1-92350e64ddff ,Turns my LEDs blue                        ,false      ,    0
                                47 ,9411178a-c445-4f8d-81d1-92350e64ddff ,Plays the tone G                          ,true       ,    1
                                48 ,9411178a-c445-4f8d-81d1-92350e64ddff ,Plays the tone F                          ,false      ,    2
